Date,Revenue,Black_Friday,Promo,Spikes,WEI,SP500,Brand,NoneBrand,Google_Brand.Cost,Google_Brand.Impression,Google_NonBrand.Cost,Google_NonBrand.Impression,Google_Pmax.Cost,Google_Pmax.Impression,Google_Shopping.Cost,Google_Shopping.Impression,Meta_Prospecting.Cost,Meta_Prospecting.Impression,Meta_Retargeting.Cost,Meta_Retargeting.Impression,Meta_Retention.Cost,Meta_Retention.Impression,Pinterest.Cost,Pinterest.Impression
2025-01-02,64956.10,0,0,0,1.98,5899.9,59,83,100.978957,1669,567.497608,81825,560.274449,12799,0,0,0,0,0,0,0,0,921.721499,570429
2025-01-09,56933.31,0,0,0,2.28,5907.4,42,73,117.478547,1716,437.634925,29270,759.698745,15802,0,0,0,0,0,0,0,0,1053.019884,796787
2025-01-16,63614.33,0,0,0,2.8,5912.6,52,70,282.475846,1750,569.289724,35477,941.164851,16716,0,0,0,0,0,0,0,0,1145.612618,745984
2025-01-23,33200.00,0,0,0,2.79,6088.9,92,66,588.574802,2872,772.855291,20863,1897.722148,81353,0,0,0,0,0,0,0,0,1576.778778,767474
2025-01-30,70335.00,0,0,0,2.4,6046.2,45,70,1053.69105,2293,580.116256,11852,2266.603727,243477,0,0,0,0,0,0,0,0,1570.565119,797918
2025-02-06,51836.90,0,0,0,2.55,6040.7,76,66,1119.277306,2809,638.522249,15477,1436.561615,99623,0,0,0,0,0,0,0,0,1576.747402,798699
2025-02-13,51577.00,0,0,0,2.51,6083.3,58,78,744.752817,2472,88.738994,2581,998.826424,135440,0,0,0,0,0,0,0,0,1563.658928,801947
2025-02-20,46310.00,0,0,0,2.43,6101.1,84,61,372.102153,1670,47.932326,748,510.7106,51551,0,0,0,0,0,0,0,0,1355.732943,648458
2025-02-27,62393.00,0,0,0,2.26,5942.1,74,64,439.214555,1718,386.30866,4224,507.0255,12575,0,0,0,0,0,0,0,0,1077.237232,548777
2025-03-06,70827.50,0,0,0,2.61,5795.8,67,68,707.958313,1474,545.00462,3008,977.621634,3881,0,0,0,0,0,0,0,0,1619.801109,803799
2025-03-13,44512.50,0,0,0,2.34,5589.3,0,63,964.52117,1479,537.104101,3366,1787.267941,32268,0,0,0,0,0,0,0,0,1993.575426,859055
2025-03-20,111566.60,0,0,1,2.09,5659.1,100,64,949.357344,1552,471.638824,3302,1557.965174,30990,0,0,0,0,0,0,0,0,2442.717325,972362
2025-03-27,58825.00,0,0,0,2.29,5706.1,0,67,775.209452,1210,529.836768,5265,1427.942058,20787,0,0,0,0,0,0,0,0,2297.333609,937407
2025-04-03,71683.20,0,0,0,3.08,5477.3,60,61,748.785896,1148,537.201111,2183,1291.252395,18281,0,0,0,0,0,0,0,0,1301.664975,727656
2025-04-10,94947.40,0,0,0,2.58,5226.7,77,67,692.749533,973,494.987123,2380,1371.017983,16875,0,0,0,0,0,0,0,0,890.160215,448120
2025-04-17,85492.00,0,0,0,2.67,5340.3,71,64,661.98033,1056,440.803773,2092,1263.499831,14002,0,0,0,0,0,0,0,0,841.593008,385694
2025-04-24,79263.00,0,0,0,2.33,5366.4,39,67,416.520114,700,318.498881,1687,946.650803,9072,0,0,0,0,0,0,0,0,840.681748,300694
2025-05-01,63046.00,0,0,0,2.57,5589.9,47,70,745.868287,1077,546.831577,1591,1627.094779,27257,0,0,0,0,0,0,0,0,838.934339,276801
2025-05-08,41687.50,0,0,0,2.1,5642.5,56,68,710.402202,1083,533.731032,2477,1742.229941,43211,0,0,0,0,0,0,0,0,931.011115,319161
2025-05-15,51180.60,0,0,0,1.93,5899.7,42,66,999.35271,1719,506.505441,3014,2055.766755,66121,0,0,0,0,0,0,0,0,1262.260864,431699
2025-05-22,90834.55,0,0,0,2.06,5878.7,55,71,1434.37932,2560,439.31181,2665,3065.493946,96527,0,0,0,0,0,0,0,0,1262.203282,448044
2025-05-29,57117.00,0,0,0,1.79,5908.5,0,73,1178.526486,2764,528.375772,3773,4693.674961,171490,0,0,0,0,0,0,0,0,2285.035826,764761
2025-06-05,60072.00,0,0,0,1.97,5963.4,62,69,1986.391828,2590,742.385905,4517,3995.526653,139762,0,0,0,0,0,0,0,0,2455.27863,678514
2025-06-12,60945.00,0,0,0,2.04,6017.8,0,69,1593.145878,1662,657.848409,4895,2851.865868,72587,0,0,0,0,0,0,0,0,2453.556715,745722
2025-06-19,35803.50,0,0,0,2.37,5991.1,81,70,1371.310338,1189,734.581568,3655,3277.655514,71588,0,0,0,0,0,0,0,0,2445.507407,716242
2025-06-26,43085.07,0,0,0,2.15,6104.7,0,63,1254.741844,1214,539.195712,2765,3897.773118,274785,0,0,0,0,0,0,0,0,2281.841239,825186
2025-07-03,64160.00,0,0,0,2.65,6227.4,45,73,1401.504157,2240,636.853018,3861,3923.820358,868182,0,0,0,0,0,0,0,0,2062.363997,728172
2025-07-10,64590.50,0,0,0,2.36,6251.8,82,75,1161.512438,2804,499.61367,3553,4187.336341,136315,0,0,0,0,0,0,0,0,1839.994311,668882
2025-07-17,53431.80,0,0,0,2.25,6274,62,80,1064.63832,2620,437.183788,5879,4055.818001,149950,0,0,0,0,0,0,0,0,1821.543927,692928
2025-07-24,50879.00,0,0,0,2.59,6345.2,55,78,1002.143001,1336,446.020195,4857,3258.4596,197391,0,0,0,0,0,0,0,0,1819.482769,764890
2025-07-31,41267.00,0,0,0,2.61,6340.2,58,74,1120.803126,1979,625.266843,6036,2058.849544,109513,0,0,0,0,0,0,0,0,1546.922666,615737
2025-08-07,59383.75,0,0,0,2.52,6340.7,42,76,1145.220732,2706,1033.314546,8760,960.950128,35280,347.78,26566,0,0,0,0,0,0,1471.82594,578066
2025-08-14,57654.75,0,0,0,2.55,6440.8,56,68,1482.851405,3110,1111.707273,10031,1109.841888,158746,1527.69,288518,0,0,0,0,0,0,1471.979977,631455
2025-08-21,73333.45,0,0,0,2.63,6418.7,64,86,1350.458619,2635,992.22845,11904,1346.633714,231408,797.34,255330,0,0,0,0,0,0,1601.646864,637731
2025-08-28,126408.70,0,0,1,2.23,6469.8,60,81,1262.663298,2237,921.712267,10685,1308.089349,155659,408.03,126623,0,0,0,0,0,0,1611.161149,690819
2025-09-04,43612.20,0,0,0,2.32,6461.8,62,66,1270.142637,2829,551.522351,7946,1388.303235,54650,1541.02,418430,0,0,0,0,0,0,869.15606,498398
2025-09-11,36076.75,0,0,0,2.31,6542.3,53,73,1276.063893,2942,551.800174,6209,1145.684174,28164,598.68,205326,0,0,0,0,0,0,877.781838,442381
2025-09-18,42161.80,0,0,0,2.07,6623.7,0,75,1639.149858,3952,339.933758,4956,854.700028,15717,607.48,185224,0,0,0,0,0,0,877.141404,454948
2025-09-25,71896.25,0,0,0,2.37,6647.4,0,74,1429.492849,3335,352.931644,4882,692.622526,13351,235.41,54570,0,0,0,0,0,0,874.508564,402669
2025-10-02,43138.25,0,0,0,2.44,6698.4,61,74,1615.733791,3231,366.134263,5878,784.313453,23130,9.09,3072,0,0,0,0,0,0,871.525979,497950
2025-10-09,76065.60,0,0,0,2.5,6699.2,54,71,1657.372155,4085,324.54593,6962,907.27593,55139,1439.89,119744,0,0,0,0,0,0,872.010943,455883
2025-10-16,30843.47,0,0,0,2.13,6652.6,57,74,1555.042712,5299,276.991563,7497,857.147167,33978,1028.89,97207,0,0,0,0,0,0,875.820054,450999
2025-10-23,32902.26,0,0,0,2.02,6740,74,67,1012.170473,4694,0,161,1015.706591,80935,956.67,75821,0,0,0,0,0,0,874.2482,451957
2025-10-30,43897.91,0,0,0,2.27,6863.8,62,68,1423.755723,4382,0,114,796.99953,26400,669.2,70145,0,0,0,0,0,0,846.488886,396548
2025-11-06,51049.06,0,0,0,1.95,6773.8,58,82,1261.664707,3225,0,165,1531.202568,80811,383.14,48738,0,0,0,0,0,0,1199.476229,385121
2025-11-13,77569.86,0,0,0,2.33,6800.3,64,80,1563.569161,5238,0,150,2310.920995,82159,697.96,58676,0,0,0,0,0,0,1256.746879,348296
2025-11-20,73408.20,0,0,0,2.19,6614.7,0,80,1732.861801,5725,0,131,2927.070519,110392,686.76,61574,0,0,0,0,0,0,1751.005594,366298
2025-11-27,220940.76,1,0,0,2.26,6783.2,49,82,2328.196037,6937,0,114,3549.840455,129393,756.23,51496,0,0,0,0,0,0,2673.184584,382560
2025-12-04,64375.82,0,0,0,2.3,6843.9,85,82,1201.990392,3190,0,103,2101.681429,126235,539.36,40714,0,0,0,0,0,0,1914.450642,397947
2025-12-11,73831.75,0,0,0,2.31,6860.4,60,81,1047.377536,2260,0,75,1354.108108,125454,395.35,34587,0,0,0,0,0,0,1773.809702,357141
2025-12-18,38620.72,0,0,0,2.21,6789.5,47,97,1149.960017,4126,0,90,1286.59733,87438,302.78,26640,0,0,0,0,0,0,1729.348777,371441
2025-12-25,29562.20,0,0,0,2.51,6912.6,42,100,1367.585421,6628,0,126,1168.221221,81412,282.2,38998,0,0,0,0,0,0,1188.552369,321334
2026-01-01,31642.69,0,0,0,1.88,6876.5,0,83,1500.516693,5792,0,146,1184.83102,94435,337.2,48149,0,0,0,0,0,0,0,11823
2026-01-08,21860.51,0,0,0,2.47,6931.1,50,81,1890.376238,7976,0,111,1752.747486,112696,250.44,43103,0,0,0,0,0,0,0,12365
2026-01-15,48246.55,0,0,0,2.17,6950.4,51,74,2060.035667,5480,0,110,1212.381007,84336,145.45,30793,0,0,0,0,0,0,0,11557
2026-01-22,35709.62,0,0,0,2.49,6875.4,37,70,1549.048843,4417,0,117,1343.322292,89682,134.27,23344,0,0,0,0,0,0,0,11611
2026-01-29,53583.91,0,0,0,2.21,6963,37,71,2414.920977,7294,0,73,1671.37211,70165,340.02,49001,0,0,0,0,0,0,0,9430
2026-02-05,48863.19,0,0,0,2.65,6901.5,35,73,2789.677309,9381,0,81,2152.697195,68329,419.67,95122,0,0,0,0,0,0,0,9370
2026-02-12,27018.34,0,0,0,2.9,6903.4,67,85,1975.223652,4034,0,71,1658.825729,59583,294.33,90750,0,0,0,0,0,0,0,9864
2026-02-19,30626.97,0,0,0,2.61,6874,36,76,2547.607761,4338,0,81,1604.958424,90615,410.72,104336,0,0,0,0,0,0,0,8846
2026-02-26,51012.94,0,0,0,2.48,6892.3,0,69,2216.643401,3543,0,124,1439.596827,77851,307.03,84663,0,0,0,0,0,0,0,9107
2026-03-05,45455.67,0,0,0,2.67,6827.7,0,69,3049.942895,5017,0,89,2115.355738,111190,488.84,129946,0,0,0,0,0,0,0,8325
2026-03-12,64728.20,0,1,0,2.63,6731.6,37,73,3782.102136,5068,0,69,3030.956662,140893,479.35,142671,0,0,0,0,0,0,0,7230
2026-03-19,59109.20,0,0,0,2.82,6630.6,0,66,3000.612357,4337,0,84,2092.613157,93258,470.11,127856,0,0,0,0,0,0,0,6382
2026-03-26,40201.97,0,0,0,2.86,6515.1,51,71,2277.808017,3396,0,68,2505.678471,142705,564.02,156178,0,0,0,0,0,0,0,6196
2026-04-02,51003.94,0,0,0,2.69,6507.6,39,75,2430.228594,3963,0,88,2582.219761,143140,760.39,180937,0,0,0,0,0,0,0,7137
2026-04-09,51302.44,0,1,0,2.73,6730.6,0,70,2672.237369,3834,0,49,2757.886081,133297,715.56,179402,0,0,0,0,0,0,0,6776
2026-04-16,51253.96,0,1,0,2.53,7008.8,43,69,2343.12004,4005,0,32,2604.200083,106462,676.03,162543,0,0,0,0,0,0,0,7205
2026-04-23,25011.97,0,2,0,2.95,7116.9,67,72,2527.897638,3639,0,69,2558.653737,79260,586.77,143902,0,0,0,0,0,0,0,10738
2026-04-30,72799.85,0,2,0,2.6,7116.9,64,72,2440.206808,3225,0,40,2527.089233,67135,757.51,168832,0,0,0,0,0,0,0,10105
2026-05-07,77220.10,0,1,0,2.71,7116.9,100,80,2436.447266,4162,0,83,2520.403026,72207,688.2,171355,0,0,0,0,0,0,0,9095
2026-05-14,50958.87,0,1,0,3,7433.56,37,72,2466.585448,3738,0,35,2601.550088,88127,838.37,191867,0,0,0,0,0,0,0,6665
2026-05-21,68676.90,0,0,0,3.03,7421.76,43,76,2593.964979,3566,0,51,2810.126277,87083,1064.46,258910,0,0,0,0,0,0,1777.468295,308933
2026-05-28,62067.79,0,0,0,3.22,7545.79,68,75,2883.763998,4154,0,53,2993.192613,101124,877.46,227285,1841.150006,364318,1396.57818,51623,783.170504,37695,3639.692136,577403
2026-06-04,39953.63,0,0,0,2.9,7546.29,0,69,2079.12004,4447,4.424431,80,2657.381016,116823,730.9,182938,2177.090008,386082,2724.839993,69775,1152.260023,43692,5860.260943,859774
2026-06-11,35857.72,0,1,0,3.1,7377.03,38,69,2538.346251,4316,388.216623,2643,3321.358353,205513,773.82,107838,2042.44,297836,2442.219984,71815,988.03,39369,5953.547446,805483
2026-06-18,43293.18,0,1,0,2.57,7496.58,50,71,2319.466293,3441,258.091204,2072,2973.920455,187919,646.04,91745,1770.90998,221220,2311.179913,64291,825.210005,38019,5341.449872,693308
2026-06-25,38623.17,0,1,0,2.57,7381.6,90,81,1600.763159,2500,281.043492,2173,1791.361158,92157,382.03,48007,1621.829973,217081,2095.319962,74906,769.550019,33498,4301.905476,660249
2026-07-02,29102.74,0,1,0,2.57,7476.57,59,76,2193.48205,2620,0,33,2130.748629,89453,165.77,22468,1554.989985,341654,2320.56994,90895,1078.689999,50926,4625.859429,753303
2026-07-09,26828.27,0,1,0,2.57,7476.57,58,72,925.98349,1491,0,27,1601.036297,118657,424.41,53145,1080.65998,275133,1554.970014,52858,762.19,31407,4056.427797,673996